{
    "0": {
        "speed": {
            "alpha": 0.9314687288714509,
            "beta": 4.293053813585437,
            "min_value": 0.0,
            "max_value": 0.5968671898218715
        },
        "angle": {
            "mu": 0.28710138984941036,
            "kappa": 13.003667089323459,
            "mix": 1.0
        },
        "duration": {
            "alpha": 0.16807817073975934,
            "beta": 28.094582853153902,
            "scale": 234,
            "scale1": 10.0,
            "scale2": 17.484350973570088,
            "breaking_point": 83.0,
            "loc": 1
        },
        "probability": {
            "m": 0.02120196499195301,
            "q": 1.3214917410541251
        },
        "transition_likelihood": {
            "1": 0.40148465022647206,
            "2": 0.1625880724710619,
            "3": 0.04693004529441369,
            "4": 0.38899723200805236
        }
    },
    "1": {
        "speed": {
            "alpha": 0.9590670177107984,
            "beta": 8.813940726554788,
            "min_value": 0.0,
            "max_value": 0.5987847122787259
        },
        "angle": {
            "mu": 2.6465291959354875,
            "kappa": 3.1235805024411087,
            "mix": 0.0
        },
        "duration": {
            "alpha": 0.11972056509536225,
            "beta": 3.118844756971755,
            "scale": 14,
            "scale1": 64.79694412071078,
            "scale2": 64.79694412071078,
            "breaking_point": -1.0,
            "loc": 1
        },
        "probability": {
            "m": 0.005944870401883703,
            "q": 1.1393352581900686
        },
        "transition_likelihood": {
            "0": 0.41353383458646614,
            "2": 0.26669237195552986,
            "3": 0.05725853094274147,
            "4": 0.2625152625152625
        }
    },
    "2": {
        "speed": {
            "alpha": 1.0980968796929258,
            "beta": 11.326671130666702,
            "min_value": 0.0,
            "max_value": 0.5099308370552961
        },
        "angle": {
            "mu": 2.770651450619944,
            "kappa": 5.206032733785034,
            "mix": 0.0
        },
        "duration": {
            "alpha": 0.11666067287282068,
            "beta": 3.0601065523118147,
            "scale": 12,
            "scale1": 26.001080491454672,
            "scale2": 26.001080491454672,
            "breaking_point": -1.0,
            "loc": 1
        },
        "probability": {
            "m": -0.01709518575772942,
            "q": 0.654952139424145
        },
        "transition_likelihood": {
            "0": 0.2244177840508116,
            "1": 0.37526464361326745,
            "3": 0.003705010585744531,
            "4": 0.39661256175017645
        }
    },
    "3": {
        "speed": {
            "alpha": 2.9700126532302136,
            "beta": 5.833925678862319,
            "min_value": 0.0,
            "max_value": 0.5941688603543471
        },
        "angle": {
            "mu": 0.19526573873826525,
            "kappa": 31.908633337959103,
            "mix": 1.0
        },
        "duration": {
            "alpha": 0.18887127572717374,
            "beta": 10.38296263766507,
            "scale": 821,
            "scale1": 13.0,
            "scale2": 85.0,
            "breaking_point": 98.0,
            "loc": 1
        },
        "probability": {
            "m": 0.023673075037651405,
            "q": 0.3100688911098519
        },
        "transition_likelihood": {
            "0": 0.2711554447215295,
            "1": 0.2660016625103907,
            "2": 0.013300083125519535,
            "4": 0.44954280964256027
        }
    },
    "4": {
        "speed": {
            "alpha": 0.9839659310542141,
            "beta": 6.704310232299014,
            "min_value": 0.0,
            "max_value": 0.5921685204489217
        },
        "angle": {
            "mu": 0.3081909523741171,
            "kappa": 11.161510242128939,
            "mix": 1.0
        },
        "duration": {
            "alpha": 0.12016497194214172,
            "beta": 2.4223540286887495,
            "scale": 12,
            "scale1": 60.04340273087023,
            "scale2": 60.04340273087023,
            "breaking_point": -1.0,
            "loc": 1
        },
        "probability": {
            "m": 0.005103366758786094,
            "q": 1.1861033617732306
        },
        "transition_likelihood": {
            "0": 0.3785293205088427,
            "1": 0.2564070741545144,
            "2": 0.28312131554452374,
            "3": 0.08194228979211915
        }
    }
}