{
  "0": {
    "frequency": 0.017935871743486972,
    "0": {
      "p_off_food": 0.0,
      "tau": -1,
      "model_coeff": -1,
      "model_intercept": -1,
      "mean": 0,
      "std": 1,
      "p_relevant": 0,
      "sign": 1
    },
    "1": {
      "p_off_food": 0.3951612903225806,
      "tau": 1,
      "model_coeff": 0.042017698142545246,
      "model_intercept": 0.4230541782319713,
      "mean": 2.2706559212431717e-62,
      "std": 4.167245981927118e-06,
      "p_relevant": 1.0,
      "sign": -1
    },
    "2": {
      "p_off_food": 0.6048387096774194,
      "tau": 1,
      "model_coeff": 0.042017698142545246,
      "model_intercept": 0.4230541782319713,
      "mean": 2.2706559212431717e-62,
      "std": 4.167245981927118e-06,
      "p_relevant": 1.0,
      "sign": 1
    }
  },
  "1": {
    "frequency": 0.026052104208416832,
    "0": {
      "p_off_food": 0.06286836935166994,
      "tau": 1,
      "model_coeff": -0.0011686133985634782,
      "model_intercept": 1.6494958651245963,
      "mean": 6.206143941906208e-62,
      "std": 4.904906280936419e-07,
      "p_relevant": 1.0,
      "sign": -1
    },
    "1": {
      "p_off_food": 0.0,
      "tau": -1,
      "model_coeff": -1,
      "model_intercept": -1,
      "mean": 0,
      "std": 1,
      "p_relevant": 0,
      "sign": 1
    },
    "2": {
      "p_off_food": 0.93713163064833,
      "tau": 1,
      "model_coeff": -0.0011686133985634782,
      "model_intercept": 1.6494958651245963,
      "mean": 6.206143941906208e-62,
      "std": 4.904906280936419e-07,
      "p_relevant": 1.0,
      "sign": 1
    }
  },
  "2": {
    "frequency": 0.9560120240480962,
    "0": {
      "p_off_food": 0.16787003610108303,
      "tau": 1,
      "model_coeff": 0.0005995839794987632,
      "model_intercept": 0.6022190198109606,
      "mean": 1.6874858974683472e-66,
      "std": 1.2862173764957074e-06,
      "p_relevant": 1.0,
      "sign": -1
    },
    "1": {
      "p_off_food": 0.8321299638989169,
      "tau": 1,
      "model_coeff": 0.0005995839794987632,
      "model_intercept": 0.6022190198109606,
      "mean": 1.6874858974683472e-66,
      "std": 1.2862173764957074e-06,
      "p_relevant": 1.0,
      "sign": 1
    },
    "2": {
      "p_off_food": 0.0,
      "tau": -1,
      "model_coeff": -1,
      "model_intercept": -1,
      "mean": 0,
      "std": 1,
      "p_relevant": 0,
      "sign": 1
    }
  }
}