{
  "0": {
    "alpha": 14.896568696733755,
    "beta": 9.663015089224682,
    "scale": 2.5956225076009676
  },
  "1": {
    "alpha": 25.10249567946935,
    "beta": 7.366054112202143,
    "scale": 0.5050115026686113
  },
  "2": {
    "alpha": 1.1043658106108112,
    "beta": 1.241190267754559,
    "scale": 58.02472245818518
  }
}