{
    "0": {
        "mu": 1.2293295184832906,
        "sigma": 0.4179533616541542
    },
    "1": {
        "mu": 0.41612368100737107,
        "sigma": 0.40664856709510144
    },
    "2": {
        "mu": 1.7584329408782964,
        "sigma": 1.261002972073341
    }
}