{
    "0": {
        "speed": {
            "alpha": 1.206061536559527,
            "beta": 15.719069310545457,
            "min_value": 0.0,
            "max_value": 0.5799055597890641
        },
        "angle": {
            "mu": 2.8656922834835052,
            "kappa": 15.32939549081894,
            "mix": 0.0
        },
        "duration": {
            "alpha": 0.13322731659587483,
            "beta": 2.970530747029522,
            "scale": 16,
            "scale1": 37.990318138212146,
            "scale2": 37.990318138212146,
            "breaking_point": -1.0,
            "loc": 1
        },
        "probability": {
            "m": -0.009020602107480883,
            "q": 1.1978610693602747
        },
        "transition_likelihood": {
            "1": 0.1693265973936506,
            "2": 0.5731098226074975,
            "3": 0.19266318387967163,
            "4": 0.06010677995292497,
            "5": 0.004793616166255238
        }
    },
    "1": {
        "speed": {
            "alpha": 0.7069876656542216,
            "beta": 3.5336642879883056,
            "min_value": 0.050000000000010106,
            "max_value": 0.5933853422625676
        },
        "angle": {
            "mu": 0.5953170506351086,
            "kappa": 0.9735713054169427,
            "mix": 0.6143288084464555
        },
        "duration": {
            "alpha": 0.10897048450500192,
            "beta": 2.3038827770115207,
            "scale": 15,
            "scale1": 7.0,
            "scale2": 9.771401166922342,
            "breaking_point": -1.0,
            "loc": 1
        },
        "probability": {
            "m": -0.001401043027439138,
            "q": 0.4995732881366413
        },
        "transition_likelihood": {
            "0": 0.5119505494505494,
            "2": 0.33763736263736266,
            "3": 0.11023351648351648,
            "4": 0.03626373626373627,
            "5": 0.003914835164835165
        }
    },
    "2": {
        "speed": {
            "alpha": 0.9374131789926001,
            "beta": 1.0781301493873034,
            "min_value": 0.0,
            "max_value": 0.04999930472885009
        },
        "angle": {
            "mu": 0.5279648319826737,
            "kappa": 3.9395907544767743,
            "mix": 1.0
        },
        "duration": {
            "alpha": 0.1568484879617229,
            "beta": 57.995615515717354,
            "scale": 249,
            "scale1": 62.15756654583442,
            "scale2": 62.15756654583442,
            "breaking_point": -1.0,
            "loc": 1
        },
        "probability": {
            "m": -0.009220625390597995,
            "q": 1.4068754294168826
        },
        "transition_likelihood": {
            "0": 0.5281913785922532,
            "1": 0.14080070803831737,
            "3": 0.24406497292794668,
            "4": 0.0821012078300708,
            "5": 0.004841732611411912
        }
    },
    "3": {
        "speed": {
            "alpha": 1.0414481432656761,
            "beta": 4.786408331457485,
            "min_value": 0.05000458140867298,
            "max_value": 0.5939399860526836
        },
        "angle": {
            "mu": 0.23802552620833417,
            "kappa": 12.2090672901727,
            "mix": 1.0
        },
        "duration": {
            "alpha": 0.1281478957370766,
            "beta": 11.049359068944112,
            "scale": 237,
            "scale1": 41.27156793292517,
            "scale2": 63.78315215824533,
            "breaking_point": -1.0,
            "loc": 1
        },
        "probability": {
            "m": 0.020743331007842692,
            "q": 0.7196904657098259
        },
        "transition_likelihood": {
            "0": 0.3073225897653379,
            "1": 0.13418150975402884,
            "2": 0.5584959004806334,
            "4": 0.0,
            "5": 0.0
        }
    },
    "4": {
        "speed": {
            "alpha": 1.380215236644622,
            "beta": 4.325462967979533,
            "min_value": 0.0500080926241488,
            "max_value": 0.5987847122787259
        },
        "angle": {
            "mu": 0.2456661885141771,
            "kappa": 14.652831779759182,
            "mix": 1.0
        },
        "duration": {
            "alpha": 0.11281495018269075,
            "beta": 7.56819048840681,
            "scale": 598,
            "scale1": 182.41481912779773,
            "scale2": 292.70586067610253,
            "breaking_point": -1.0,
            "loc": 2
        },
        "probability": {
            "m": 0.007157617987027692,
            "q": 0.2753326089066846
        },
        "transition_likelihood": {
            "0": 0.26927742159071216,
            "1": 0.1446889620516375,
            "2": 0.5860336163576503,
            "3": 0.0,
            "5": 0.0
        }
    },
    "5": {
        "speed": {
            "alpha": 2.5225543354947044,
            "beta": 5.582160301410488,
            "min_value": 0.05017413676387203,
            "max_value": 0.5968671898218715
        },
        "angle": {
            "mu": 0.2020095151775929,
            "kappa": 22.822740241397394,
            "mix": 1.0
        },
        "duration": {
            "alpha": 0.3512342422403221,
            "beta": 2.80038236349513,
            "scale": 737,
            "scale1": 16.0,
            "scale2": 50.9727499482927,
            "breaking_point": -1.0,
            "loc": 3
        },
        "probability": {
            "m": 0.0020938995158070093,
            "q": 0.020169144300264574
        },
        "transition_likelihood": {
            "0": 0.2839506172839506,
            "1": 0.11358024691358025,
            "2": 0.6024691358024692,
            "3": 0.0,
            "4": 0.0
        }
    }
}