{
    "0": {
        "0": 0.0,
        "1": 0.3951612903225806,
        "2": 0.6048387096774194
    },
    "1": {
        "0": 0.06286836935166994,
        "1": 0.0,
        "2": 0.93713163064833
    },
    "2": {
        "0": 0.16787003610108303,
        "1": 0.8321299638989169,
        "2": 0.0
    }
}