{
    "0": {
        "0": {
            "angle_plus": 1.198642471208768,
            "angle_minus": 0.8392861458475118,
            "speed_plus": 0.9676349800853618,
            "speed_minus": 1.0182388713449981
        },
        "1": {
            "angle_plus": 0.9146178145026176,
            "angle_minus": 1.2930392766626662,
            "speed_plus": 1.1566406236457032,
            "speed_minus": 0.6766549948787227
        },
        "2": {
            "angle_plus": 0.9950634149256423,
            "angle_minus": 1.1050651028509133,
            "speed_plus": 0.9979415100737667,
            "speed_minus": 1.0961704634188
        }
    },
    "1": {
        "0": {
            "angle_plus": 1.0,
            "angle_minus": 2.6872017366034515,
            "speed_plus": 1.0,
            "speed_minus": 0.8938983893021138
        },
        "1": {
            "angle_plus": 0.9915274664873346,
            "angle_minus": 1.0060197437048704,
            "speed_plus": 1.1394946225475486,
            "speed_minus": 0.853231940743255
        },
        "2": {
            "angle_plus": 1.0199910308133633,
            "angle_minus": 0.9444497960412855,
            "speed_plus": 1.0383173906313177,
            "speed_minus": 0.9718874949340142
        }
    },
    "2": {
        "0": {
            "angle_plus": 1.0086998490232,
            "angle_minus": 0.8661660645033763,
            "speed_plus": 0.9290325612173898,
            "speed_minus": 1.036703487981625
        },
        "1": {
            "angle_plus": 0.940091711482021,
            "angle_minus": 1.1051808287451261,
            "speed_plus": 1.0625505788322076,
            "speed_minus": 0.7455509933179673
        },
        "2": {
            "angle_plus": 0.9942468633510056,
            "angle_minus": 1.0220580362402327,
            "speed_plus": 0.9997922399239152,
            "speed_minus": 1.0009650663018839
        }
    }
}