{
    "1": {
        "1": {
            "positive_bias": -0.005129497566590313,
            "negative_bias": 0.017739237633894067
        },
        "0": {
            "positive_bias": 0.026519348736225856,
            "negative_bias": -0.03644978729778914
        },
        "3": {
            "positive_bias": 0.04688712544934859,
            "negative_bias": -0.09185195704865379
        },
        "2": {
            "positive_bias": 0.035191840878931346,
            "negative_bias": 0.0
        }
    },
    "0": {
        "0": {
            "positive_bias": 0.2386235698128698,
            "negative_bias": -0.21764651304384808
        },
        "1": {
            "positive_bias": -0.09227665845504385,
            "negative_bias": 0.03125756934332946
        },
        "3": {
            "positive_bias": -0.1522624883499537,
            "negative_bias": 0.11631491148219553
        }
    },
    "3": {
        "1": {
            "positive_bias": 0.28360606848004233,
            "negative_bias": -0.13934108241257714
        },
        "3": {
            "positive_bias": -0.004081875749970543,
            "negative_bias": 0.059566473568986034
        },
        "0": {
            "positive_bias": -0.06228374324846331,
            "negative_bias": 1.7016256195399186
        },
        "2": {
            "positive_bias": 0.031071563865322616,
            "negative_bias": -0.1613739506448688
        }
    },
    "2": {
        "1": {
            "positive_bias": -0.06890991240385169,
            "negative_bias": 0.0019480276188996726
        },
        "3": {
            "positive_bias": -0.02175706363128871,
            "negative_bias": 0.1255592895494324
        },
        "2": {
            "positive_bias": -0.21514953486981403,
            "negative_bias": 0.0
        }
    }
}